{
  "dataset": "CARE-PD (UPDRS-labeled pooled)",
  "n_samples": 2953,
  "n_features": 41,
  "multiclass": {
    "accuracy": 0.7866576363020656,
    "balanced_accuracy": 0.7834511356420588,
    "macro_f1": 0.7800041202475733,
    "per_class": {
      "0": {
        "precision": 0.8394964594807238,
        "recall": 0.8577170418006431,
        "f1": 0.8485089463220676,
        "support": 1244
      },
      "1": {
        "precision": 0.7680412371134021,
        "recall": 0.6956115779645191,
        "f1": 0.7300342969132778,
        "support": 1071
      },
      "2": {
        "precision": 0.7125748502994012,
        "recall": 0.8026981450252951,
        "f1": 0.7549563838223632,
        "support": 593
      },
      "3": {
        "precision": 0.7954545454545454,
        "recall": 0.7777777777777778,
        "f1": 0.7865168539325843,
        "support": 45
      }
    }
  },
  "binary_pd_risk": {
    "positive_label": "UPDRS_GAIT > 0",
    "accuracy": 0.8652218083305113,
    "balanced_accuracy": 0.8660599549575823,
    "macro_f1": 0.8628665506088369,
    "roc_auc": 0.9425695062455433,
    "pr_auc": 0.9599476616489854,
    "per_class": {
      "0": {
        "precision": 0.8199697428139183,
        "recall": 0.8713826366559485,
        "f1": 0.8448947778643804,
        "support": 1244
      },
      "1": {
        "precision": 0.9019006744328633,
        "recall": 0.8607372732592159,
        "f1": 0.8808383233532934,
        "support": 1709
      }
    }
  }
}