{
  "rf": {
    "default_acc": 0.8797832712495767,
    "default_bacc": 0.8762344802153907,
    "default_macro_f1": 0.8766039752891314,
    "best_threshold": 0.5249999999999999,
    "best_acc": 0.8862174060277683,
    "best_bacc": 0.8851834622454605,
    "best_macro_f1": 0.8837408113565166,
    "roc_auc": 0.9500777517925716
  },
  "et": {
    "default_acc": 0.8885878767355232,
    "default_bacc": 0.8851535938919923,
    "default_macro_f1": 0.8856158489541519,
    "best_threshold": 0.5299999999999999,
    "best_acc": 0.8896037927531324,
    "best_bacc": 0.8889840338363759,
    "best_macro_f1": 0.8872687475174434,
    "roc_auc": 0.9572522714059669
  },
  "histgb": {
    "default_acc": 0.89265154080596,
    "default_bacc": 0.8909609895785318,
    "default_macro_f1": 0.890145662166528,
    "best_threshold": 0.5349999999999999,
    "best_acc": 0.8946833728411785,
    "best_bacc": 0.894247449195577,
    "best_macro_f1": 0.8924664592532955,
    "roc_auc": 0.9585065070677461
  },
  "lr": {
    "default_acc": 0.818828310193024,
    "default_bacc": 0.8220410574620084,
    "default_macro_f1": 0.8166482427660804,
    "best_threshold": 0.4549999999999999,
    "best_acc": 0.8211987809007789,
    "best_bacc": 0.8203707815066443,
    "best_macro_f1": 0.8179076448742204,
    "roc_auc": 0.9003276581893851
  }
}